motif,NumOfProbes,PercentageOfProbes,OR,lowerOR,upperOR
FOXA2_HUMAN.H11MO.0.A,290,0.27,3.78,3.30,4.33
FOXA3_HUMAN.H11MO.0.B,255,0.24,3.75,3.25,4.32
FOXA1_HUMAN.H11MO.0.A,289,0.27,3.49,3.05,4.00
FOXB1_HUMAN.H11MO.0.D,236,0.22,3.38,2.92,3.91
FOXM1_HUMAN.H11MO.0.A,292,0.27,3.34,2.92,3.82
FOXC1_HUMAN.H11MO.0.C,212,0.20,3.19,2.74,3.71
FOXF2_HUMAN.H11MO.0.D,255,0.24,3.15,2.74,3.63
FOXD1_HUMAN.H11MO.0.D,176,0.16,3.00,2.54,3.53
FOXJ2_HUMAN.H11MO.0.C,272,0.25,2.63,2.29,3.02
FOXD3_HUMAN.H11MO.0.D,257,0.24,2.56,2.22,2.95
FOXF1_HUMAN.H11MO.0.D,260,0.24,2.53,2.20,2.91
FOXP2_HUMAN.H11MO.0.C,182,0.17,2.42,2.06,2.84
FOXO6_HUMAN.H11MO.0.D,168,0.16,2.38,2.01,2.81
FOXO3_HUMAN.H11MO.0.B,177,0.16,2.19,1.87,2.58
FOXD2_HUMAN.H11MO.0.D,176,0.16,2.15,1.83,2.53
FOXQ1_HUMAN.H11MO.0.C,159,0.15,2.13,1.80,2.53
FOXK1_HUMAN.H11MO.0.A,212,0.20,2.04,1.75,2.37
FOXL1_HUMAN.H11MO.0.D,263,0.24,1.93,1.68,2.22
FOXO4_HUMAN.H11MO.0.C,151,0.14,1.98,1.66,2.35
FOXC2_HUMAN.H11MO.0.D,141,0.13,1.96,1.64,2.34
FOXJ3_HUMAN.H11MO.0.A,226,0.21,1.87,1.61,2.16
FOXP1_HUMAN.H11MO.0.A,203,0.19,1.85,1.59,2.16
PO5F1_HUMAN.H11MO.1.A,139,0.13,1.87,1.56,2.23
HNF1B_HUMAN.H11MO.0.A,105,0.10,1.88,1.54,2.31
PO2F1_HUMAN.H11MO.0.C,121,0.11,1.83,1.51,2.22
TEF_HUMAN.H11MO.0.D,122,0.11,1.81,1.50,2.19
HNF1A_HUMAN.H11MO.0.C,102,0.09,1.84,1.50,2.26
FOXP3_HUMAN.H11MO.0.D,100,0.09,1.82,1.48,2.24
ANDR_HUMAN.H11MO.0.A,207,0.19,1.72,1.48,2.00
DLX6_HUMAN.H11MO.0.D,103,0.10,1.78,1.45,2.19
FOXG1_HUMAN.H11MO.0.D,274,0.25,1.66,1.45,1.91
HNF1B_HUMAN.H11MO.1.A,86,0.08,1.79,1.43,2.23
HOMEZ_HUMAN.H11MO.0.D,112,0.10,1.74,1.43,2.12
FOXJ3_HUMAN.H11MO.1.B,222,0.21,1.63,1.41,1.89
CUX2_HUMAN.H11MO.0.D,75,0.07,1.76,1.39,2.23
ZN264_HUMAN.H11MO.0.C,97,0.09,1.71,1.39,2.11
SIX1_HUMAN.H11MO.0.A,111,0.10,1.69,1.39,2.06
ATF4_HUMAN.H11MO.0.A,92,0.09,1.70,1.37,2.11
FUBP1_HUMAN.H11MO.0.D,200,0.19,1.60,1.37,1.87
FOXO1_HUMAN.H11MO.0.A,195,0.18,1.60,1.37,1.87
BATF_HUMAN.H11MO.1.A,99,0.09,1.67,1.35,2.05
JUNB_HUMAN.H11MO.0.A,166,0.15,1.60,1.35,1.89
GATA3_HUMAN.H11MO.0.A,141,0.13,1.61,1.34,1.92
FOS_HUMAN.H11MO.0.A,158,0.15,1.59,1.34,1.89
CEBPB_HUMAN.H11MO.0.A,77,0.07,1.70,1.34,2.14
JUN_HUMAN.H11MO.0.A,155,0.14,1.59,1.34,1.88
NFIL3_HUMAN.H11MO.0.D,83,0.08,1.67,1.33,2.09
ARI3A_HUMAN.H11MO.0.D,168,0.16,1.57,1.33,1.85
SOX18_HUMAN.H11MO.0.D,105,0.10,1.62,1.33,1.99
JUND_HUMAN.H11MO.0.A,162,0.15,1.56,1.32,1.85
PO6F1_HUMAN.H11MO.0.D,81,0.08,1.65,1.31,2.07
DDIT3_HUMAN.H11MO.0.D,104,0.10,1.60,1.31,1.97
CEBPA_HUMAN.H11MO.0.A,81,0.08,1.64,1.31,2.06
PO3F4_HUMAN.H11MO.0.D,108,0.10,1.60,1.31,1.95
ZN333_HUMAN.H11MO.0.D,78,0.07,1.65,1.30,2.07
FOSB_HUMAN.H11MO.0.A,152,0.14,1.55,1.30,1.84
ZN282_HUMAN.H11MO.0.D,138,0.13,1.56,1.30,1.86
PO4F3_HUMAN.H11MO.0.D,113,0.10,1.58,1.30,1.92
LHX6_HUMAN.H11MO.0.D,75,0.07,1.64,1.29,2.07
OVOL1_HUMAN.H11MO.0.C,114,0.11,1.57,1.29,1.90
CPEB1_HUMAN.H11MO.0.D,249,0.23,1.48,1.29,1.71
ZNF85_HUMAN.H11MO.0.C,105,0.10,1.58,1.29,1.93
BSH_HUMAN.H11MO.0.D,77,0.07,1.62,1.29,2.05
PO5F1_HUMAN.H11MO.0.A,107,0.10,1.57,1.28,1.92
HXD10_HUMAN.H11MO.0.D,98,0.09,1.57,1.28,1.94
DLX4_HUMAN.H11MO.0.D,90,0.08,1.59,1.28,1.97
DLX2_HUMAN.H11MO.0.D,79,0.07,1.60,1.27,2.02
NR1D1_HUMAN.H11MO.1.D,84,0.08,1.59,1.27,1.99
NFAC1_HUMAN.H11MO.0.B,212,0.20,1.48,1.27,1.72
PITX3_HUMAN.H11MO.0.D,72,0.07,1.60,1.26,2.04
ZN136_HUMAN.H11MO.0.C,89,0.08,1.56,1.26,1.95
FOSL1_HUMAN.H11MO.0.A,152,0.14,1.49,1.26,1.77
PRDM6_HUMAN.H11MO.0.C,238,0.22,1.44,1.24,1.66
DUXA_HUMAN.H11MO.0.D,63,0.06,1.61,1.24,2.08
HNF4A_HUMAN.H11MO.0.A,130,0.12,1.50,1.24,1.80
HME1_HUMAN.H11MO.0.D,74,0.07,1.58,1.24,2.00
VAX1_HUMAN.H11MO.0.D,81,0.08,1.56,1.24,1.96
DLX5_HUMAN.H11MO.0.D,82,0.08,1.55,1.24,1.95
CEBPG_HUMAN.H11MO.0.B,90,0.08,1.54,1.24,1.91
PO2F3_HUMAN.H11MO.0.D,82,0.08,1.55,1.23,1.94
ZN232_HUMAN.H11MO.0.D,78,0.07,1.56,1.23,1.96
FOSL2_HUMAN.H11MO.0.A,146,0.14,1.47,1.23,1.75
ZIM3_HUMAN.H11MO.0.C,160,0.15,1.46,1.23,1.73
HXD8_HUMAN.H11MO.0.D,83,0.08,1.54,1.23,1.93
GATA5_HUMAN.H11MO.0.D,74,0.07,1.55,1.23,1.97
ZNF85_HUMAN.H11MO.1.C,91,0.08,1.52,1.22,1.88
P5F1B_HUMAN.H11MO.0.D,102,0.09,1.50,1.22,1.84
MNX1_HUMAN.H11MO.0.D,123,0.11,1.48,1.22,1.78
LMX1B_HUMAN.H11MO.0.D,117,0.11,1.48,1.22,1.80
ONEC2_HUMAN.H11MO.0.D,122,0.11,1.48,1.22,1.79
BHE22_HUMAN.H11MO.0.D,77,0.07,1.54,1.22,1.95
MEF2C_HUMAN.H11MO.0.A,153,0.14,1.45,1.22,1.72
ZFHX3_HUMAN.H11MO.0.D,90,0.08,1.51,1.22,1.88
TF7L1_HUMAN.H11MO.0.B,95,0.09,1.50,1.22,1.86
GATA6_HUMAN.H11MO.0.A,87,0.08,1.51,1.22,1.89
EMX1_HUMAN.H11MO.0.D,70,0.06,1.55,1.21,1.97
GATA1_HUMAN.H11MO.1.A,100,0.09,1.49,1.21,1.83
PO2F2_HUMAN.H11MO.0.A,104,0.10,1.48,1.21,1.82
MYBB_HUMAN.H11MO.0.D,79,0.07,1.52,1.21,1.91
SRY_HUMAN.H11MO.0.B,145,0.13,1.44,1.20,1.71
SIX2_HUMAN.H11MO.0.A,107,0.10,1.47,1.20,1.79
HMBX1_HUMAN.H11MO.0.D,72,0.07,1.53,1.20,1.94
OLIG1_HUMAN.H11MO.0.D,79,0.07,1.51,1.20,1.90
MEF2A_HUMAN.H11MO.0.A,152,0.14,1.42,1.20,1.69
GATA4_HUMAN.H11MO.0.A,90,0.08,1.48,1.19,1.84
BATF_HUMAN.H11MO.0.A,87,0.08,1.48,1.19,1.85
NANOG_HUMAN.H11MO.0.A,104,0.10,1.46,1.19,1.78
BPTF_HUMAN.H11MO.0.D,186,0.17,1.39,1.19,1.63
AIRE_HUMAN.H11MO.0.C,64,0.06,1.53,1.18,1.97
HNF6_HUMAN.H11MO.0.B,57,0.05,1.55,1.18,2.02
ONEC3_HUMAN.H11MO.0.D,92,0.09,1.46,1.18,1.81
ZN250_HUMAN.H11MO.0.C,99,0.09,1.45,1.18,1.79
DRGX_HUMAN.H11MO.0.D,73,0.07,1.49,1.18,1.90
LMX1A_HUMAN.H11MO.0.D,124,0.11,1.42,1.17,1.71
PAX7_HUMAN.H11MO.0.D,53,0.05,1.55,1.17,2.04
TBP_HUMAN.H11MO.0.A,88,0.08,1.46,1.17,1.82
ERR3_HUMAN.H11MO.0.B,95,0.09,1.45,1.17,1.79
PBX1_HUMAN.H11MO.1.C,52,0.05,1.55,1.17,2.05
SOX5_HUMAN.H11MO.0.C,74,0.07,1.48,1.17,1.88
PBX3_HUMAN.H11MO.1.A,73,0.07,1.48,1.17,1.89
HXD4_HUMAN.H11MO.0.D,48,0.04,1.56,1.17,2.09
HXC6_HUMAN.H11MO.0.D,102,0.09,1.43,1.16,1.76
PO4F1_HUMAN.H11MO.0.D,101,0.09,1.43,1.16,1.76
GATA1_HUMAN.H11MO.0.A,99,0.09,1.43,1.16,1.76
PRGR_HUMAN.H11MO.0.A,126,0.12,1.40,1.16,1.69
PITX1_HUMAN.H11MO.0.D,79,0.07,1.46,1.16,1.84
NR1H3_HUMAN.H11MO.1.B,156,0.14,1.37,1.16,1.63
HXA10_HUMAN.H11MO.0.C,89,0.08,1.44,1.15,1.79
HXC12_HUMAN.H11MO.0.D,97,0.09,1.42,1.15,1.75
HXA9_HUMAN.H11MO.0.B,80,0.07,1.44,1.15,1.81
MEF2D_HUMAN.H11MO.0.A,138,0.13,1.37,1.15,1.64
EMX2_HUMAN.H11MO.0.D,68,0.06,1.47,1.14,1.88
IRF9_HUMAN.H11MO.0.C,116,0.11,1.39,1.14,1.69
PRRX1_HUMAN.H11MO.0.D,67,0.06,1.47,1.14,1.88
GBX1_HUMAN.H11MO.0.D,74,0.07,1.45,1.14,1.84
GBX2_HUMAN.H11MO.0.D,72,0.07,1.46,1.14,1.85
EVI1_HUMAN.H11MO.0.B,86,0.08,1.43,1.14,1.78
BATF3_HUMAN.H11MO.0.B,97,0.09,1.41,1.14,1.74
MYNN_HUMAN.H11MO.0.D,83,0.08,1.43,1.14,1.79
HXB7_HUMAN.H11MO.0.C,64,0.06,1.47,1.14,1.89
SHOX_HUMAN.H11MO.0.D,74,0.07,1.44,1.14,1.83
MEOX2_HUMAN.H11MO.0.D,83,0.08,1.42,1.13,1.78
GATA2_HUMAN.H11MO.0.A,99,0.09,1.39,1.13,1.72
DMRT1_HUMAN.H11MO.0.D,85,0.08,1.41,1.13,1.77
NR4A1_HUMAN.H11MO.0.A,112,0.10,1.38,1.13,1.68
HXA2_HUMAN.H11MO.0.D,78,0.07,1.42,1.13,1.79
HXA11_HUMAN.H11MO.0.D,85,0.08,1.41,1.13,1.76
HXC13_HUMAN.H11MO.0.D,78,0.07,1.42,1.13,1.79
NKX62_HUMAN.H11MO.0.D,77,0.07,1.42,1.12,1.79
CDX1_HUMAN.H11MO.0.C,79,0.07,1.42,1.12,1.78
MEOX1_HUMAN.H11MO.0.D,76,0.07,1.42,1.12,1.80
SOX13_HUMAN.H11MO.0.D,76,0.07,1.42,1.12,1.80
NR1H4_HUMAN.H11MO.1.B,131,0.12,1.35,1.12,1.62
TWST1_HUMAN.H11MO.0.A,101,0.09,1.38,1.12,1.69
SOX8_HUMAN.H11MO.0.D,71,0.07,1.43,1.12,1.82
MEIS2_HUMAN.H11MO.0.B,110,0.10,1.37,1.12,1.67
DLX3_HUMAN.H11MO.0.C,71,0.07,1.42,1.12,1.81
HXD12_HUMAN.H11MO.0.D,95,0.09,1.38,1.12,1.71
BACH2_HUMAN.H11MO.0.A,156,0.14,1.32,1.12,1.57
EVX1_HUMAN.H11MO.0.D,78,0.07,1.41,1.12,1.77
VSX1_HUMAN.H11MO.0.D,72,0.07,1.42,1.11,1.80
MEIS1_HUMAN.H11MO.0.A,72,0.07,1.41,1.11,1.80
PO3F3_HUMAN.H11MO.0.D,132,0.12,1.33,1.11,1.60
ALX3_HUMAN.H11MO.0.D,71,0.07,1.41,1.11,1.80
CDC5L_HUMAN.H11MO.0.D,84,0.08,1.39,1.11,1.73
DMBX1_HUMAN.H11MO.0.D,79,0.07,1.39,1.11,1.76
ZSC16_HUMAN.H11MO.0.D,101,0.09,1.36,1.11,1.67
UNC4_HUMAN.H11MO.0.D,73,0.07,1.41,1.11,1.78
ANDR_HUMAN.H11MO.2.A,153,0.14,1.31,1.10,1.55
CDX2_HUMAN.H11MO.0.A,80,0.07,1.38,1.10,1.74
ARI5B_HUMAN.H11MO.0.C,79,0.07,1.38,1.10,1.74
NKX61_HUMAN.H11MO.0.B,81,0.08,1.37,1.09,1.73
RXRG_HUMAN.H11MO.0.B,98,0.09,1.35,1.09,1.66
HXB8_HUMAN.H11MO.0.C,56,0.05,1.43,1.09,1.87
HXC10_HUMAN.H11MO.0.D,146,0.14,1.30,1.09,1.55
TF7L2_HUMAN.H11MO.0.A,92,0.09,1.35,1.09,1.67
OTX1_HUMAN.H11MO.0.D,73,0.07,1.38,1.09,1.75
ZFP28_HUMAN.H11MO.0.C,205,0.19,1.26,1.08,1.47
RORG_HUMAN.H11MO.0.C,108,0.10,1.32,1.08,1.61
RX_HUMAN.H11MO.0.D,58,0.05,1.41,1.08,1.84
SMCA5_HUMAN.H11MO.0.C,130,0.12,1.29,1.08,1.56
IRF7_HUMAN.H11MO.0.C,127,0.12,1.30,1.08,1.56
BHE23_HUMAN.H11MO.0.D,114,0.11,1.31,1.08,1.59
GSX1_HUMAN.H11MO.0.D,74,0.07,1.36,1.07,1.73
NF2L2_HUMAN.H11MO.0.A,123,0.11,1.30,1.07,1.56
NKX21_HUMAN.H11MO.0.A,152,0.14,1.27,1.07,1.51
HNF4G_HUMAN.H11MO.0.B,128,0.12,1.29,1.07,1.55
ZN394_HUMAN.H11MO.0.C,168,0.16,1.26,1.07,1.49
HXD13_HUMAN.H11MO.0.D,95,0.09,1.32,1.07,1.64
SOX21_HUMAN.H11MO.0.D,67,0.06,1.37,1.07,1.76
LHX8_HUMAN.H11MO.0.D,57,0.05,1.40,1.07,1.83
SHOX2_HUMAN.H11MO.0.D,69,0.06,1.37,1.07,1.75
PPARG_HUMAN.H11MO.1.A,119,0.11,1.30,1.07,1.57
NFAC4_HUMAN.H11MO.0.C,90,0.08,1.32,1.07,1.64
NR2E3_HUMAN.H11MO.0.C,89,0.08,1.32,1.06,1.65
HXD11_HUMAN.H11MO.0.D,99,0.09,1.31,1.06,1.61
ETV3_HUMAN.H11MO.0.D,92,0.09,1.32,1.06,1.64
NR1I2_HUMAN.H11MO.1.D,69,0.06,1.36,1.06,1.74
NR1I3_HUMAN.H11MO.1.D,69,0.06,1.36,1.06,1.74
GSX2_HUMAN.H11MO.0.D,81,0.08,1.34,1.06,1.68
SOX2_HUMAN.H11MO.1.A,102,0.09,1.30,1.06,1.60
HME2_HUMAN.H11MO.0.D,68,0.06,1.36,1.06,1.74
GFI1B_HUMAN.H11MO.0.A,116,0.11,1.29,1.06,1.56
HXB6_HUMAN.H11MO.0.D,59,0.05,1.38,1.06,1.80
MIXL1_HUMAN.H11MO.0.D,65,0.06,1.36,1.06,1.76
GSC_HUMAN.H11MO.0.D,62,0.06,1.37,1.06,1.78
VSX2_HUMAN.H11MO.0.D,62,0.06,1.37,1.06,1.78
ZN652_HUMAN.H11MO.0.D,61,0.06,1.37,1.06,1.78
PDX1_HUMAN.H11MO.1.A,65,0.06,1.36,1.06,1.75
HXC11_HUMAN.H11MO.0.D,80,0.07,1.33,1.06,1.67
VENTX_HUMAN.H11MO.0.D,71,0.07,1.35,1.06,1.72
MCR_HUMAN.H11MO.0.D,103,0.10,1.30,1.06,1.59
GATA2_HUMAN.H11MO.1.A,93,0.09,1.31,1.06,1.62
NR2E1_HUMAN.H11MO.0.D,72,0.07,1.34,1.06,1.71
CEBPE_HUMAN.H11MO.0.A,67,0.06,1.35,1.06,1.73
IRF5_HUMAN.H11MO.0.D,171,0.16,1.24,1.05,1.46
ALX4_HUMAN.H11MO.0.D,71,0.07,1.34,1.05,1.71
NR1H2_HUMAN.H11MO.0.D,81,0.08,1.32,1.05,1.66
PHX2B_HUMAN.H11MO.0.D,65,0.06,1.35,1.05,1.74
NFAC3_HUMAN.H11MO.0.B,92,0.09,1.30,1.05,1.61
SOX9_HUMAN.H11MO.0.B,97,0.09,1.30,1.05,1.60
CEBPD_HUMAN.H11MO.0.C,72,0.07,1.34,1.05,1.70
SOX17_HUMAN.H11MO.0.C,87,0.08,1.31,1.05,1.63
NFAC2_HUMAN.H11MO.0.B,87,0.08,1.31,1.05,1.63
PO3F2_HUMAN.H11MO.0.A,81,0.08,1.31,1.05,1.65
GRHL1_HUMAN.H11MO.0.D,113,0.10,1.27,1.05,1.55
CRX_HUMAN.H11MO.0.B,68,0.06,1.34,1.04,1.71
BRCA1_HUMAN.H11MO.0.D,93,0.09,1.29,1.04,1.60
ISX_HUMAN.H11MO.0.D,64,0.06,1.34,1.04,1.73
Z354A_HUMAN.H11MO.0.C,137,0.13,1.25,1.04,1.49
NFKB1_HUMAN.H11MO.0.A,135,0.13,1.25,1.04,1.49
ANDR_HUMAN.H11MO.1.A,151,0.14,1.23,1.04,1.47
MYB_HUMAN.H11MO.0.A,112,0.10,1.26,1.04,1.54
NR4A2_HUMAN.H11MO.0.C,110,0.10,1.26,1.04,1.54
LHX9_HUMAN.H11MO.0.D,70,0.06,1.32,1.04,1.69
IRF1_HUMAN.H11MO.0.A,217,0.20,1.20,1.03,1.40
LHX2_HUMAN.H11MO.0.A,67,0.06,1.32,1.03,1.70
BARH1_HUMAN.H11MO.0.D,71,0.07,1.31,1.03,1.67
HXA7_HUMAN.H11MO.0.D,46,0.04,1.39,1.03,1.87
HSF1_HUMAN.H11MO.1.A,104,0.10,1.26,1.03,1.55
MGAP_HUMAN.H11MO.0.D,91,0.08,1.28,1.03,1.58
ZN394_HUMAN.H11MO.1.D,102,0.09,1.26,1.03,1.55
SOX7_HUMAN.H11MO.0.D,66,0.06,1.32,1.03,1.69
NFYA_HUMAN.H11MO.0.A,61,0.06,1.33,1.03,1.73
STA5A_HUMAN.H11MO.0.A,105,0.10,1.25,1.02,1.53
ATF2_HUMAN.H11MO.0.B,137,0.13,1.22,1.02,1.47
HXB3_HUMAN.H11MO.0.D,72,0.07,1.30,1.02,1.65
HXC9_HUMAN.H11MO.0.C,69,0.06,1.30,1.01,1.66
OZF_HUMAN.H11MO.0.C,81,0.08,1.27,1.01,1.60
PAX6_HUMAN.H11MO.0.C,89,0.08,1.26,1.01,1.57
HXC8_HUMAN.H11MO.0.D,54,0.05,1.33,1.01,1.76
ZN335_HUMAN.H11MO.1.A,125,0.12,1.22,1.01,1.47
ERR2_HUMAN.H11MO.0.A,110,0.10,1.23,1.01,1.50
BARX2_HUMAN.H11MO.0.D,59,0.05,1.31,1.01,1.71
TF2LX_HUMAN.H11MO.0.D,102,0.09,1.24,1.01,1.52
OTX2_HUMAN.H11MO.0.A,66,0.06,1.29,1.01,1.66
PHX2A_HUMAN.H11MO.0.D,63,0.06,1.30,1.01,1.68
JDP2_HUMAN.H11MO.0.D,113,0.10,1.22,1.01,1.49
HMX2_HUMAN.H11MO.0.D,59,0.05,1.31,1.00,1.70
NOTO_HUMAN.H11MO.0.D,56,0.05,1.31,1.00,1.72
ZN260_HUMAN.H11MO.0.C,78,0.07,1.26,1.00,1.59
RXRB_HUMAN.H11MO.0.C,179,0.17,1.18,1.00,1.38
ZNF8_HUMAN.H11MO.0.C,75,0.07,1.27,1.00,1.60
PIT1_HUMAN.H11MO.0.C,81,0.08,1.26,1.00,1.58
VAX2_HUMAN.H11MO.0.D,58,0.05,1.30,1.00,1.70
MEF2B_HUMAN.H11MO.0.A,126,0.12,1.20,1.00,1.45
HXB13_HUMAN.H11MO.0.A,70,0.06,1.27,1.00,1.62
HMX3_HUMAN.H11MO.0.D,52,0.05,1.32,1.00,1.74
NR2F6_HUMAN.H11MO.0.D,105,0.10,1.22,0.99,1.49
ARX_HUMAN.H11MO.0.D,57,0.05,1.30,0.99,1.70
HXD9_HUMAN.H11MO.0.D,35,0.03,1.39,0.99,1.95
STAT2_HUMAN.H11MO.0.A,217,0.20,1.15,0.99,1.34
SOX1_HUMAN.H11MO.0.D,62,0.06,1.28,0.99,1.66
ZN713_HUMAN.H11MO.0.D,162,0.15,1.17,0.99,1.38
ZN134_HUMAN.H11MO.1.C,127,0.12,1.19,0.99,1.43
HLF_HUMAN.H11MO.0.C,66,0.06,1.27,0.99,1.63
ZN317_HUMAN.H11MO.0.C,84,0.08,1.23,0.99,1.54
PPARA_HUMAN.H11MO.1.B,126,0.12,1.19,0.99,1.43
GRHL2_HUMAN.H11MO.0.A,105,0.10,1.21,0.99,1.48
GCR_HUMAN.H11MO.0.A,130,0.12,1.18,0.98,1.42
ZN382_HUMAN.H11MO.0.C,107,0.10,1.20,0.98,1.47
IRF3_HUMAN.H11MO.0.B,284,0.26,1.12,0.98,1.29
ERR1_HUMAN.H11MO.0.A,134,0.12,1.18,0.98,1.41
PAX4_HUMAN.H11MO.0.D,64,0.06,1.26,0.98,1.63
BARX1_HUMAN.H11MO.0.D,77,0.07,1.24,0.98,1.56
ESR2_HUMAN.H11MO.1.A,101,0.09,1.20,0.98,1.48
TGIF2_HUMAN.H11MO.0.D,126,0.12,1.18,0.98,1.42
IRF2_HUMAN.H11MO.0.A,182,0.17,1.15,0.98,1.35
HMX1_HUMAN.H11MO.0.D,77,0.07,1.23,0.98,1.56
RUNX2_HUMAN.H11MO.0.A,167,0.15,1.15,0.98,1.36
ZN274_HUMAN.H11MO.0.A,110,0.10,1.19,0.98,1.45
NANOG_HUMAN.H11MO.1.B,79,0.07,1.23,0.98,1.55
PO6F2_HUMAN.H11MO.0.D,64,0.06,1.26,0.98,1.62
DBP_HUMAN.H11MO.0.B,64,0.06,1.26,0.97,1.62
CREB5_HUMAN.H11MO.0.D,97,0.09,1.20,0.97,1.48
GCR_HUMAN.H11MO.1.A,138,0.13,1.16,0.97,1.39
NFE2_HUMAN.H11MO.0.A,157,0.15,1.15,0.97,1.37
GFI1_HUMAN.H11MO.0.C,103,0.10,1.19,0.97,1.46
DLX1_HUMAN.H11MO.0.D,81,0.08,1.22,0.97,1.53
RARG_HUMAN.H11MO.1.B,180,0.17,1.14,0.97,1.34
ZN350_HUMAN.H11MO.0.C,86,0.08,1.21,0.97,1.51
STAT6_HUMAN.H11MO.0.B,110,0.10,1.18,0.97,1.43
DPRX_HUMAN.H11MO.0.D,59,0.05,1.26,0.97,1.64
STAT3_HUMAN.H11MO.0.A,117,0.11,1.17,0.96,1.42
HXA13_HUMAN.H11MO.0.C,65,0.06,1.24,0.96,1.59
STAT1_HUMAN.H11MO.0.A,113,0.10,1.17,0.96,1.42
ZBED1_HUMAN.H11MO.0.D,111,0.10,1.17,0.96,1.43
ALX1_HUMAN.H11MO.0.B,63,0.06,1.24,0.96,1.60
LHX3_HUMAN.H11MO.0.C,64,0.06,1.23,0.96,1.59
EOMES_HUMAN.H11MO.0.D,109,0.10,1.17,0.96,1.42
TBX4_HUMAN.H11MO.0.D,100,0.09,1.17,0.96,1.44
ISL2_HUMAN.H11MO.0.D,58,0.05,1.24,0.95,1.62
ESX1_HUMAN.H11MO.0.D,60,0.06,1.24,0.95,1.61
ZKSC1_HUMAN.H11MO.0.B,169,0.16,1.12,0.95,1.33
HLTF_HUMAN.H11MO.0.D,119,0.11,1.15,0.95,1.40
RUNX3_HUMAN.H11MO.0.A,126,0.12,1.15,0.95,1.38
PO3F1_HUMAN.H11MO.0.C,70,0.06,1.21,0.95,1.55
HXD3_HUMAN.H11MO.0.D,61,0.06,1.23,0.95,1.60
ZFP82_HUMAN.H11MO.0.C,151,0.14,1.13,0.95,1.34
BC11A_HUMAN.H11MO.0.A,229,0.21,1.10,0.95,1.27
EVX2_HUMAN.H11MO.0.A,77,0.07,1.20,0.95,1.51
SOX10_HUMAN.H11MO.1.A,192,0.18,1.11,0.95,1.29
HSFY1_HUMAN.H11MO.0.D,63,0.06,1.22,0.95,1.58
PAX3_HUMAN.H11MO.0.D,48,0.04,1.27,0.95,1.69
MAF_HUMAN.H11MO.1.B,112,0.10,1.15,0.94,1.40
ZN384_HUMAN.H11MO.0.C,77,0.07,1.19,0.94,1.50
TCF7_HUMAN.H11MO.0.A,91,0.08,1.17,0.94,1.45
ZNF41_HUMAN.H11MO.0.C,154,0.14,1.12,0.94,1.33
FEZF1_HUMAN.H11MO.0.C,100,0.09,1.16,0.94,1.42
MAFG_HUMAN.H11MO.0.A,96,0.09,1.16,0.94,1.43
ESR1_HUMAN.H11MO.1.A,187,0.17,1.10,0.94,1.29
STAT4_HUMAN.H11MO.0.A,105,0.10,1.15,0.94,1.40
ZN410_HUMAN.H11MO.0.D,56,0.05,1.23,0.94,1.61
BCL6B_HUMAN.H11MO.0.D,101,0.09,1.15,0.94,1.41
SOX9_HUMAN.H11MO.1.B,69,0.06,1.19,0.94,1.53
TEAD2_HUMAN.H11MO.0.D,115,0.11,1.14,0.94,1.38
SMCA1_HUMAN.H11MO.0.C,107,0.10,1.14,0.94,1.40
PBX1_HUMAN.H11MO.0.A,131,0.12,1.12,0.93,1.35
STAT1_HUMAN.H11MO.1.A,226,0.21,1.08,0.93,1.25
NFYB_HUMAN.H11MO.0.A,62,0.06,1.21,0.93,1.56
PO4F2_HUMAN.H11MO.0.D,64,0.06,1.20,0.93,1.55
TBX5_HUMAN.H11MO.0.D,130,0.12,1.12,0.93,1.35
IRF8_HUMAN.H11MO.0.B,172,0.16,1.09,0.93,1.29
SOX11_HUMAN.H11MO.0.D,59,0.05,1.21,0.93,1.57
TBX20_HUMAN.H11MO.0.D,156,0.14,1.10,0.93,1.30
RUNX1_HUMAN.H11MO.0.A,133,0.12,1.11,0.93,1.33
TAL1_HUMAN.H11MO.0.A,92,0.09,1.15,0.93,1.42
ESR1_HUMAN.H11MO.0.A,198,0.18,1.08,0.93,1.26
NFYC_HUMAN.H11MO.0.A,59,0.05,1.20,0.93,1.57
LHX4_HUMAN.H11MO.0.D,54,0.05,1.22,0.92,1.60
ZBT49_HUMAN.H11MO.0.D,48,0.04,1.24,0.92,1.65
PPARA_HUMAN.H11MO.0.B,122,0.11,1.12,0.92,1.35
SOX2_HUMAN.H11MO.0.A,156,0.14,1.10,0.92,1.30
TLX1_HUMAN.H11MO.0.D,125,0.12,1.11,0.92,1.34
MSX1_HUMAN.H11MO.0.D,66,0.06,1.18,0.92,1.52
TEAD3_HUMAN.H11MO.0.D,78,0.07,1.16,0.92,1.46
ZN582_HUMAN.H11MO.0.C,84,0.08,1.15,0.92,1.44
RFX5_HUMAN.H11MO.1.A,126,0.12,1.10,0.92,1.33
NR4A3_HUMAN.H11MO.0.D,110,0.10,1.12,0.92,1.36
RAX2_HUMAN.H11MO.0.D,57,0.05,1.19,0.91,1.56
PRGR_HUMAN.H11MO.1.A,172,0.16,1.08,0.91,1.27
MAFK_HUMAN.H11MO.0.A,85,0.08,1.14,0.91,1.42
RHXF1_HUMAN.H11MO.0.D,66,0.06,1.17,0.91,1.50
MEIS3_HUMAN.H11MO.0.D,98,0.09,1.12,0.91,1.38
ZN490_HUMAN.H11MO.0.C,93,0.09,1.13,0.91,1.39
FOXH1_HUMAN.H11MO.0.A,90,0.08,1.13,0.91,1.40
NFAT5_HUMAN.H11MO.0.D,190,0.18,1.06,0.91,1.24
TEAD4_HUMAN.H11MO.0.A,99,0.09,1.12,0.91,1.37
CEBPZ_HUMAN.H11MO.0.D,68,0.06,1.16,0.91,1.49
MAFK_HUMAN.H11MO.1.A,162,0.15,1.07,0.91,1.27
NFAC1_HUMAN.H11MO.1.B,93,0.09,1.12,0.91,1.39
PPARD_HUMAN.H11MO.0.D,127,0.12,1.09,0.90,1.31
LBX2_HUMAN.H11MO.0.D,43,0.04,1.23,0.90,1.67
MAFB_HUMAN.H11MO.0.B,120,0.11,1.09,0.90,1.32
TBX2_HUMAN.H11MO.0.D,153,0.14,1.07,0.90,1.27
SMAD1_HUMAN.H11MO.0.D,261,0.24,1.04,0.90,1.19
PROP1_HUMAN.H11MO.0.D,61,0.06,1.17,0.90,1.51
HBP1_HUMAN.H11MO.0.D,41,0.04,1.23,0.90,1.69
BRAC_HUMAN.H11MO.1.B,115,0.11,1.09,0.90,1.32
BARH2_HUMAN.H11MO.0.D,62,0.06,1.16,0.90,1.50
OLIG3_HUMAN.H11MO.0.D,55,0.05,1.18,0.90,1.54
SOX10_HUMAN.H11MO.0.B,70,0.06,1.14,0.89,1.46
NKX32_HUMAN.H11MO.0.C,63,0.06,1.16,0.89,1.49
ZN528_HUMAN.H11MO.0.C,135,0.13,1.07,0.89,1.28
RARA_HUMAN.H11MO.2.A,145,0.13,1.06,0.89,1.27
TBX19_HUMAN.H11MO.0.D,67,0.06,1.14,0.89,1.47
PKNX1_HUMAN.H11MO.0.B,149,0.14,1.06,0.89,1.26
THA_HUMAN.H11MO.1.D,147,0.14,1.06,0.89,1.26
ATF1_HUMAN.H11MO.0.B,150,0.14,1.06,0.89,1.26
ZFP42_HUMAN.H11MO.0.A,106,0.10,1.09,0.89,1.33
PEBB_HUMAN.H11MO.0.C,149,0.14,1.06,0.89,1.26
ZN418_HUMAN.H11MO.0.C,121,0.11,1.07,0.89,1.30
IRX3_HUMAN.H11MO.0.D,68,0.06,1.13,0.88,1.45
TBR1_HUMAN.H11MO.0.D,90,0.08,1.10,0.88,1.36
SPIB_HUMAN.H11MO.0.A,171,0.16,1.04,0.88,1.23
SPI1_HUMAN.H11MO.0.A,187,0.17,1.03,0.88,1.21
PBX2_HUMAN.H11MO.0.C,49,0.05,1.18,0.88,1.57
BCL6_HUMAN.H11MO.0.A,105,0.10,1.07,0.88,1.31
SRBP1_HUMAN.H11MO.0.A,198,0.18,1.02,0.88,1.19
NR6A1_HUMAN.H11MO.0.B,80,0.07,1.10,0.88,1.38
MAF_HUMAN.H11MO.0.A,116,0.11,1.06,0.88,1.29
HSF2_HUMAN.H11MO.0.A,85,0.08,1.09,0.88,1.37
PDX1_HUMAN.H11MO.0.A,47,0.04,1.17,0.88,1.57
STA5B_HUMAN.H11MO.0.A,91,0.08,1.09,0.88,1.35
PAX2_HUMAN.H11MO.0.D,70,0.06,1.12,0.87,1.42
FOXI1_HUMAN.H11MO.0.B,60,0.06,1.13,0.87,1.47
HXA5_HUMAN.H11MO.0.D,47,0.04,1.17,0.87,1.57
NKX28_HUMAN.H11MO.0.C,47,0.04,1.17,0.87,1.57
ZNF41_HUMAN.H11MO.1.C,112,0.10,1.06,0.87,1.29
ZN134_HUMAN.H11MO.0.C,123,0.11,1.05,0.87,1.27
DUX4_HUMAN.H11MO.0.A,47,0.04,1.16,0.87,1.56
THB_HUMAN.H11MO.1.D,166,0.15,1.02,0.87,1.21
SCRT1_HUMAN.H11MO.0.D,82,0.08,1.08,0.87,1.36
COT2_HUMAN.H11MO.0.A,138,0.13,1.04,0.87,1.24
NR1I2_HUMAN.H11MO.0.C,79,0.07,1.09,0.86,1.37
HSF4_HUMAN.H11MO.0.D,92,0.09,1.07,0.86,1.33
IRF4_HUMAN.H11MO.0.A,154,0.14,1.03,0.86,1.22
PITX2_HUMAN.H11MO.0.D,96,0.09,1.07,0.86,1.31
PRDM1_HUMAN.H11MO.0.A,146,0.14,1.03,0.86,1.22
SPDEF_HUMAN.H11MO.0.D,116,0.11,1.04,0.86,1.27
ZN418_HUMAN.H11MO.1.D,83,0.08,1.08,0.86,1.35
ZN140_HUMAN.H11MO.0.C,90,0.08,1.07,0.86,1.33
CREB1_HUMAN.H11MO.0.A,122,0.11,1.04,0.86,1.25
MEIS1_HUMAN.H11MO.1.B,160,0.15,1.02,0.86,1.20
ETS2_HUMAN.H11MO.0.B,266,0.25,0.99,0.86,1.13
TBX21_HUMAN.H11MO.0.A,232,0.21,0.99,0.86,1.15
ZN214_HUMAN.H11MO.0.C,63,0.06,1.10,0.85,1.42
SOX4_HUMAN.H11MO.0.B,134,0.12,1.02,0.85,1.23
LEF1_HUMAN.H11MO.0.A,111,0.10,1.04,0.85,1.26
TEAD1_HUMAN.H11MO.0.A,102,0.09,1.04,0.85,1.28
MAFG_HUMAN.H11MO.1.A,142,0.13,1.01,0.85,1.21
RFX3_HUMAN.H11MO.0.B,82,0.08,1.06,0.85,1.33
PPARG_HUMAN.H11MO.0.A,161,0.15,1.00,0.84,1.18
HXB1_HUMAN.H11MO.0.D,58,0.05,1.10,0.84,1.43
MLX_HUMAN.H11MO.0.D,503,0.47,0.95,0.84,1.07
IRX2_HUMAN.H11MO.0.D,158,0.15,1.00,0.84,1.18
P53_HUMAN.H11MO.1.A,137,0.13,1.01,0.84,1.20
TWST1_HUMAN.H11MO.1.A,129,0.12,1.01,0.84,1.21
FIGLA_HUMAN.H11MO.0.D,145,0.13,1.00,0.84,1.19
TYY1_HUMAN.H11MO.0.A,109,0.10,1.02,0.84,1.25
CREB3_HUMAN.H11MO.0.D,174,0.16,0.98,0.84,1.16
ATF7_HUMAN.H11MO.0.D,110,0.10,1.02,0.83,1.24
ATF2_HUMAN.H11MO.2.C,110,0.10,1.02,0.83,1.24
BMAL1_HUMAN.H11MO.0.A,224,0.21,0.97,0.83,1.12
SNAI2_HUMAN.H11MO.0.A,225,0.21,0.97,0.83,1.12
SRF_HUMAN.H11MO.0.A,52,0.05,1.10,0.83,1.46
BRAC_HUMAN.H11MO.0.A,93,0.09,1.03,0.83,1.28
THB_HUMAN.H11MO.0.C,200,0.19,0.97,0.83,1.13
SMAD4_HUMAN.H11MO.0.B,190,0.18,0.97,0.83,1.14
NR1D1_HUMAN.H11MO.0.B,184,0.17,0.97,0.83,1.14
GSC2_HUMAN.H11MO.0.D,130,0.12,1.00,0.83,1.20
NR5A2_HUMAN.H11MO.0.B,116,0.11,1.01,0.83,1.22
HXA1_HUMAN.H11MO.0.C,62,0.06,1.07,0.83,1.39
ZN257_HUMAN.H11MO.0.C,137,0.13,0.99,0.83,1.18
TFE3_HUMAN.H11MO.0.B,145,0.13,0.98,0.83,1.17
ATF2_HUMAN.H11MO.1.B,72,0.07,1.05,0.82,1.33
GCM1_HUMAN.H11MO.0.D,112,0.10,1.00,0.82,1.22
RARA_HUMAN.H11MO.1.A,243,0.23,0.95,0.82,1.09
CUX1_HUMAN.H11MO.0.C,55,0.05,1.08,0.82,1.42
ZN586_HUMAN.H11MO.0.C,143,0.13,0.98,0.82,1.17
PRD14_HUMAN.H11MO.0.A,66,0.06,1.05,0.82,1.35
E2F8_HUMAN.H11MO.0.D,89,0.08,1.02,0.82,1.27
TBX3_HUMAN.H11MO.0.C,197,0.18,0.95,0.82,1.12
ETV6_HUMAN.H11MO.0.D,163,0.15,0.97,0.82,1.14
RARG_HUMAN.H11MO.0.B,182,0.17,0.95,0.81,1.12
HIC1_HUMAN.H11MO.0.C,140,0.13,0.97,0.81,1.16
ETV5_HUMAN.H11MO.0.C,264,0.24,0.93,0.81,1.07
ELF3_HUMAN.H11MO.0.A,148,0.14,0.96,0.81,1.15
STF1_HUMAN.H11MO.0.B,158,0.15,0.96,0.81,1.13
ZN502_HUMAN.H11MO.0.C,72,0.07,1.03,0.81,1.30
ZN549_HUMAN.H11MO.0.C,93,0.09,1.00,0.81,1.24
HESX1_HUMAN.H11MO.0.D,144,0.13,0.96,0.81,1.15
VDR_HUMAN.H11MO.1.A,129,0.12,0.97,0.81,1.17
ZSCA4_HUMAN.H11MO.0.D,168,0.16,0.95,0.80,1.12
ISL1_HUMAN.H11MO.0.A,52,0.05,1.06,0.80,1.40
HIC2_HUMAN.H11MO.0.D,156,0.14,0.95,0.80,1.13
MAFF_HUMAN.H11MO.1.B,131,0.12,0.96,0.80,1.16
USF1_HUMAN.H11MO.0.A,171,0.16,0.94,0.80,1.11
ZN680_HUMAN.H11MO.0.C,95,0.09,0.99,0.80,1.22
AP2A_HUMAN.H11MO.0.A,197,0.18,0.93,0.80,1.08
RFX1_HUMAN.H11MO.1.B,115,0.11,0.96,0.79,1.17
TF65_HUMAN.H11MO.0.A,83,0.08,0.99,0.79,1.24
HXB2_HUMAN.H11MO.0.D,76,0.07,1.00,0.79,1.27
ATF3_HUMAN.H11MO.0.A,159,0.15,0.94,0.79,1.11
RARB_HUMAN.H11MO.0.D,168,0.16,0.93,0.79,1.10
CREM_HUMAN.H11MO.0.C,126,0.12,0.95,0.79,1.14
OLIG2_HUMAN.H11MO.0.B,174,0.16,0.92,0.79,1.09
SMAD2_HUMAN.H11MO.0.A,203,0.19,0.92,0.79,1.07
ETV4_HUMAN.H11MO.0.B,209,0.19,0.91,0.78,1.06
NKX31_HUMAN.H11MO.0.C,63,0.06,1.01,0.78,1.30
NRL_HUMAN.H11MO.0.D,120,0.11,0.94,0.78,1.14
PBX3_HUMAN.H11MO.0.A,161,0.15,0.92,0.78,1.09
ZN563_HUMAN.H11MO.1.C,302,0.28,0.89,0.78,1.02
THA_HUMAN.H11MO.0.C,154,0.14,0.92,0.78,1.10
NKX22_HUMAN.H11MO.0.D,188,0.17,0.91,0.78,1.06
EHF_HUMAN.H11MO.0.B,143,0.13,0.92,0.77,1.10
MTF1_HUMAN.H11MO.0.C,211,0.20,0.90,0.77,1.05
HAND1_HUMAN.H11MO.0.D,148,0.14,0.92,0.77,1.09
CR3L2_HUMAN.H11MO.0.D,228,0.21,0.89,0.77,1.03
ETV2_HUMAN.H11MO.0.B,222,0.21,0.89,0.76,1.03
ZNF18_HUMAN.H11MO.0.C,141,0.13,0.91,0.76,1.09
ZN816_HUMAN.H11MO.1.C,143,0.13,0.91,0.76,1.09
TFEB_HUMAN.H11MO.0.C,155,0.14,0.90,0.76,1.07
ZN784_HUMAN.H11MO.0.D,125,0.12,0.92,0.76,1.11
P73_HUMAN.H11MO.1.A,124,0.11,0.92,0.76,1.11
ZN329_HUMAN.H11MO.0.C,131,0.12,0.91,0.76,1.09
NOBOX_HUMAN.H11MO.0.C,39,0.04,1.05,0.76,1.44
NFIA_HUMAN.H11MO.0.C,118,0.11,0.92,0.76,1.11
NDF2_HUMAN.H11MO.0.B,174,0.16,0.89,0.75,1.04
HSF1_HUMAN.H11MO.0.A,96,0.09,0.93,0.75,1.15
ZN708_HUMAN.H11MO.1.D,181,0.17,0.88,0.75,1.03
NDF1_HUMAN.H11MO.0.A,159,0.15,0.89,0.75,1.05
SOX3_HUMAN.H11MO.0.B,99,0.09,0.92,0.75,1.13
NR2C1_HUMAN.H11MO.0.C,134,0.12,0.89,0.75,1.07
ELF5_HUMAN.H11MO.0.A,209,0.19,0.87,0.74,1.01
ZN667_HUMAN.H11MO.0.C,139,0.13,0.89,0.74,1.06
FLI1_HUMAN.H11MO.0.A,344,0.32,0.84,0.74,0.96
MYC_HUMAN.H11MO.0.A,220,0.20,0.86,0.74,1.00
REL_HUMAN.H11MO.0.B,89,0.08,0.92,0.74,1.15
RFX4_HUMAN.H11MO.0.D,69,0.06,0.95,0.74,1.21
ID4_HUMAN.H11MO.0.D,190,0.18,0.87,0.74,1.01
NKX25_HUMAN.H11MO.0.B,173,0.16,0.87,0.74,1.02
RORA_HUMAN.H11MO.0.C,131,0.12,0.89,0.74,1.06
NR1H3_HUMAN.H11MO.0.B,113,0.10,0.90,0.74,1.09
ZEB1_HUMAN.H11MO.0.A,192,0.18,0.86,0.74,1.01
RREB1_HUMAN.H11MO.0.D,269,0.25,0.84,0.73,0.97
SNAI1_HUMAN.H11MO.0.C,211,0.20,0.85,0.73,0.99
OLIG2_HUMAN.H11MO.1.B,142,0.13,0.87,0.73,1.04
RFX2_HUMAN.H11MO.1.A,112,0.10,0.89,0.73,1.08
ZN554_HUMAN.H11MO.0.C,209,0.19,0.85,0.73,0.99
CLOCK_HUMAN.H11MO.0.C,188,0.17,0.85,0.73,1.00
RXRA_HUMAN.H11MO.1.A,133,0.12,0.88,0.73,1.05
PAX1_HUMAN.H11MO.0.D,91,0.08,0.90,0.73,1.12
MITF_HUMAN.H11MO.0.A,155,0.14,0.86,0.72,1.02
SUH_HUMAN.H11MO.0.A,213,0.20,0.84,0.72,0.98
GLI2_HUMAN.H11MO.0.D,151,0.14,0.86,0.72,1.02
TAL1_HUMAN.H11MO.1.A,182,0.17,0.85,0.72,0.99
COT1_HUMAN.H11MO.1.C,211,0.20,0.83,0.72,0.97
ELF1_HUMAN.H11MO.0.A,201,0.19,0.84,0.72,0.98
COE1_HUMAN.H11MO.0.A,161,0.15,0.85,0.72,1.00
Z324A_HUMAN.H11MO.0.C,186,0.17,0.84,0.72,0.98
ZN341_HUMAN.H11MO.1.C,162,0.15,0.85,0.72,1.00
ZN768_HUMAN.H11MO.0.C,220,0.20,0.83,0.72,0.96
MZF1_HUMAN.H11MO.0.B,131,0.12,0.86,0.71,1.03
TGIF1_HUMAN.H11MO.0.A,87,0.08,0.89,0.71,1.11
MESP1_HUMAN.H11MO.0.D,208,0.19,0.83,0.71,0.97
NR1I3_HUMAN.H11MO.0.C,73,0.07,0.90,0.71,1.15
NKX23_HUMAN.H11MO.0.D,56,0.05,0.93,0.71,1.22
NFIC_HUMAN.H11MO.0.A,200,0.19,0.83,0.71,0.97
COT2_HUMAN.H11MO.1.A,170,0.16,0.84,0.71,0.99
HMGA2_HUMAN.H11MO.0.D,43,0.04,0.96,0.71,1.31
RARG_HUMAN.H11MO.2.D,161,0.15,0.84,0.71,0.99
ZN589_HUMAN.H11MO.0.D,118,0.11,0.86,0.71,1.04
MAFF_HUMAN.H11MO.0.B,85,0.08,0.88,0.71,1.10
ELK3_HUMAN.H11MO.0.D,165,0.15,0.83,0.71,0.99
BHE40_HUMAN.H11MO.0.A,210,0.19,0.82,0.71,0.96
LYL1_HUMAN.H11MO.0.A,214,0.20,0.82,0.71,0.95
ZN547_HUMAN.H11MO.0.C,104,0.10,0.86,0.70,1.06
P63_HUMAN.H11MO.1.A,133,0.12,0.84,0.70,1.01
ESR2_HUMAN.H11MO.0.A,210,0.19,0.82,0.70,0.95
NFIC_HUMAN.H11MO.1.A,100,0.09,0.86,0.70,1.06
RXRA_HUMAN.H11MO.0.A,274,0.25,0.80,0.70,0.92
SPIC_HUMAN.H11MO.0.D,251,0.23,0.81,0.70,0.93
ERG_HUMAN.H11MO.0.A,246,0.23,0.81,0.70,0.93
RFX5_HUMAN.H11MO.0.A,155,0.14,0.83,0.70,0.98
IKZF1_HUMAN.H11MO.0.C,131,0.12,0.83,0.69,1.00
FLI1_HUMAN.H11MO.1.A,227,0.21,0.80,0.69,0.93
TYY2_HUMAN.H11MO.0.D,106,0.10,0.84,0.69,1.03
KAISO_HUMAN.H11MO.2.A,108,0.10,0.84,0.69,1.03
ZN708_HUMAN.H11MO.0.C,135,0.13,0.83,0.69,0.99
HXB4_HUMAN.H11MO.0.B,41,0.04,0.94,0.68,1.28
AP2C_HUMAN.H11MO.0.A,255,0.24,0.79,0.68,0.91
ZBTB4_HUMAN.H11MO.0.D,173,0.16,0.80,0.68,0.95
P53_HUMAN.H11MO.0.A,88,0.08,0.85,0.68,1.05
OVOL2_HUMAN.H11MO.0.D,70,0.06,0.87,0.68,1.10
NGN2_HUMAN.H11MO.0.D,171,0.16,0.80,0.68,0.94
ZEP1_HUMAN.H11MO.0.D,93,0.09,0.83,0.67,1.03
MAX_HUMAN.H11MO.0.A,252,0.23,0.77,0.67,0.89
SCRT2_HUMAN.H11MO.0.D,66,0.06,0.86,0.67,1.10
GLI3_HUMAN.H11MO.0.B,128,0.12,0.80,0.67,0.97
ETS1_HUMAN.H11MO.0.A,212,0.20,0.78,0.67,0.90
ZN335_HUMAN.H11MO.0.A,255,0.24,0.76,0.66,0.88
E2F3_HUMAN.H11MO.0.A,224,0.21,0.77,0.66,0.89
CR3L1_HUMAN.H11MO.0.D,344,0.32,0.75,0.66,0.85
THA11_HUMAN.H11MO.0.B,114,0.11,0.80,0.66,0.97
BACH1_HUMAN.H11MO.0.A,209,0.19,0.77,0.66,0.89
KLF8_HUMAN.H11MO.0.C,209,0.19,0.77,0.66,0.89
MYBA_HUMAN.H11MO.0.D,109,0.10,0.80,0.66,0.98
COT1_HUMAN.H11MO.0.C,264,0.24,0.76,0.66,0.87
ZN143_HUMAN.H11MO.0.A,127,0.12,0.79,0.66,0.95
PAX8_HUMAN.H11MO.0.D,78,0.07,0.82,0.65,1.04
ZN331_HUMAN.H11MO.0.C,196,0.18,0.76,0.65,0.89
ELF2_HUMAN.H11MO.0.C,210,0.19,0.76,0.65,0.88
ZN563_HUMAN.H11MO.0.C,238,0.22,0.75,0.65,0.87
ZN121_HUMAN.H11MO.0.C,200,0.19,0.76,0.65,0.88
ZSC31_HUMAN.H11MO.0.C,231,0.21,0.75,0.65,0.87
SMAD3_HUMAN.H11MO.0.B,289,0.27,0.74,0.65,0.85
ASCL1_HUMAN.H11MO.0.A,242,0.22,0.75,0.65,0.86
ATOH1_HUMAN.H11MO.0.B,161,0.15,0.76,0.65,0.90
ZN740_HUMAN.H11MO.0.D,200,0.19,0.75,0.65,0.88
VDR_HUMAN.H11MO.0.A,138,0.13,0.77,0.65,0.92
ZKSC3_HUMAN.H11MO.0.D,70,0.06,0.82,0.64,1.05
HEY1_HUMAN.H11MO.0.D,242,0.22,0.74,0.64,0.86
EGR3_HUMAN.H11MO.0.D,156,0.14,0.76,0.64,0.90
HES5_HUMAN.H11MO.0.D,256,0.24,0.74,0.64,0.85
ZIC2_HUMAN.H11MO.0.D,236,0.22,0.74,0.64,0.86
USF2_HUMAN.H11MO.0.A,231,0.21,0.74,0.64,0.86
E4F1_HUMAN.H11MO.0.D,128,0.12,0.77,0.64,0.93
ATF6A_HUMAN.H11MO.0.B,241,0.22,0.74,0.64,0.85
GLI1_HUMAN.H11MO.0.D,216,0.20,0.74,0.64,0.86
GMEB2_HUMAN.H11MO.0.D,103,0.10,0.78,0.64,0.96
CXXC1_HUMAN.H11MO.0.D,192,0.18,0.74,0.64,0.87
ZN554_HUMAN.H11MO.1.D,213,0.20,0.74,0.63,0.86
NR2C2_HUMAN.H11MO.0.B,141,0.13,0.76,0.63,0.90
TFAP4_HUMAN.H11MO.0.A,142,0.13,0.76,0.63,0.90
ZBT48_HUMAN.H11MO.0.C,115,0.11,0.77,0.63,0.93
ZN467_HUMAN.H11MO.0.C,481,0.45,0.71,0.63,0.80
ZBTB4_HUMAN.H11MO.1.D,134,0.12,0.76,0.63,0.91
HES7_HUMAN.H11MO.0.D,180,0.17,0.74,0.63,0.87
RELB_HUMAN.H11MO.0.C,83,0.08,0.79,0.63,0.98
SRBP2_HUMAN.H11MO.0.B,294,0.27,0.71,0.62,0.81
ZN770_HUMAN.H11MO.1.C,323,0.30,0.71,0.62,0.81
P63_HUMAN.H11MO.0.A,109,0.10,0.76,0.62,0.92
REST_HUMAN.H11MO.0.A,199,0.18,0.72,0.62,0.85
PTF1A_HUMAN.H11MO.0.B,249,0.23,0.72,0.62,0.82
HTF4_HUMAN.H11MO.0.A,233,0.22,0.72,0.62,0.83
ZIC3_HUMAN.H11MO.0.B,246,0.23,0.71,0.62,0.82
NFIB_HUMAN.H11MO.0.D,159,0.15,0.73,0.62,0.87
MXI1_HUMAN.H11MO.1.A,235,0.22,0.71,0.62,0.83
ZBTB6_HUMAN.H11MO.0.C,207,0.19,0.72,0.62,0.84
MYOG_HUMAN.H11MO.0.B,207,0.19,0.72,0.62,0.84
ITF2_HUMAN.H11MO.0.C,245,0.23,0.71,0.62,0.82
EPAS1_HUMAN.H11MO.0.B,230,0.21,0.71,0.61,0.82
VEZF1_HUMAN.H11MO.1.C,324,0.30,0.70,0.61,0.80
BHE41_HUMAN.H11MO.0.D,217,0.20,0.71,0.61,0.83
SALL4_HUMAN.H11MO.0.B,343,0.32,0.70,0.61,0.79
TFCP2_HUMAN.H11MO.0.D,183,0.17,0.71,0.61,0.84
ZBT17_HUMAN.H11MO.0.A,441,0.41,0.69,0.61,0.78
MAFA_HUMAN.H11MO.0.D,185,0.17,0.71,0.61,0.84
RARA_HUMAN.H11MO.0.A,155,0.14,0.72,0.61,0.85
ASCL2_HUMAN.H11MO.0.D,200,0.19,0.71,0.61,0.82
RFX2_HUMAN.H11MO.0.A,95,0.09,0.75,0.60,0.92
HIF1A_HUMAN.H11MO.0.C,196,0.18,0.70,0.60,0.82
MYOD1_HUMAN.H11MO.0.A,216,0.20,0.70,0.60,0.81
ZN263_HUMAN.H11MO.1.A,257,0.24,0.69,0.60,0.79
VEZF1_HUMAN.H11MO.0.C,457,0.42,0.68,0.60,0.76
PATZ1_HUMAN.H11MO.1.C,276,0.26,0.68,0.60,0.78
ZN449_HUMAN.H11MO.0.C,137,0.13,0.71,0.59,0.85
MLXPL_HUMAN.H11MO.0.D,210,0.19,0.69,0.59,0.80
WT1_HUMAN.H11MO.1.B,276,0.26,0.68,0.59,0.78
P73_HUMAN.H11MO.0.A,87,0.08,0.73,0.59,0.91
ZBT7B_HUMAN.H11MO.0.D,179,0.17,0.69,0.58,0.81
MXI1_HUMAN.H11MO.0.A,338,0.31,0.66,0.58,0.75
ZBT18_HUMAN.H11MO.0.C,133,0.12,0.70,0.58,0.84
ZN322_HUMAN.H11MO.0.B,244,0.23,0.67,0.58,0.77
TFE2_HUMAN.H11MO.0.A,226,0.21,0.67,0.58,0.78
ZN281_HUMAN.H11MO.0.A,392,0.36,0.66,0.58,0.75
ZN423_HUMAN.H11MO.0.D,125,0.12,0.70,0.58,0.84
GABPA_HUMAN.H11MO.0.A,210,0.19,0.67,0.58,0.78
MYOD1_HUMAN.H11MO.1.A,181,0.17,0.68,0.58,0.79
ELK1_HUMAN.H11MO.0.B,131,0.12,0.69,0.57,0.83
EGR2_HUMAN.H11MO.0.A,440,0.41,0.65,0.57,0.73
OSR2_HUMAN.H11MO.0.C,234,0.22,0.66,0.57,0.76
ZN816_HUMAN.H11MO.0.C,160,0.15,0.68,0.57,0.80
TBX1_HUMAN.H11MO.0.D,429,0.40,0.64,0.57,0.73
MYCN_HUMAN.H11MO.0.A,230,0.21,0.66,0.57,0.76
SPZ1_HUMAN.H11MO.0.D,137,0.13,0.68,0.57,0.81
CENPB_HUMAN.H11MO.0.D,108,0.10,0.69,0.57,0.84
ZIC1_HUMAN.H11MO.0.B,222,0.21,0.65,0.56,0.76
XBP1_HUMAN.H11MO.0.D,256,0.24,0.65,0.56,0.75
TAF1_HUMAN.H11MO.0.A,340,0.31,0.64,0.56,0.73
ZN263_HUMAN.H11MO.0.A,447,0.41,0.63,0.56,0.72
ZEP2_HUMAN.H11MO.0.D,119,0.11,0.68,0.56,0.82
HINFP_HUMAN.H11MO.0.C,141,0.13,0.67,0.56,0.80
NR0B1_HUMAN.H11MO.0.D,239,0.22,0.64,0.56,0.74
MAZ_HUMAN.H11MO.0.A,490,0.45,0.63,0.56,0.71
PTF1A_HUMAN.H11MO.1.B,199,0.18,0.65,0.55,0.75
EGR1_HUMAN.H11MO.0.A,417,0.39,0.62,0.55,0.70
FEV_HUMAN.H11MO.0.B,208,0.19,0.64,0.55,0.75
ZN148_HUMAN.H11MO.0.D,404,0.37,0.62,0.55,0.70
ZSC22_HUMAN.H11MO.0.C,376,0.35,0.62,0.55,0.71
ZNF76_HUMAN.H11MO.0.C,183,0.17,0.64,0.55,0.75
EGR2_HUMAN.H11MO.1.A,407,0.38,0.62,0.55,0.70
KLF12_HUMAN.H11MO.0.C,376,0.35,0.62,0.55,0.70
ARNT_HUMAN.H11MO.0.B,217,0.20,0.63,0.54,0.73
E2F5_HUMAN.H11MO.0.B,80,0.07,0.67,0.54,0.85
ZN350_HUMAN.H11MO.1.D,148,0.14,0.64,0.53,0.76
MAZ_HUMAN.H11MO.1.A,361,0.33,0.61,0.53,0.69
ZN320_HUMAN.H11MO.0.C,244,0.23,0.61,0.53,0.71
KLF5_HUMAN.H11MO.0.A,346,0.32,0.60,0.53,0.69
ZN524_HUMAN.H11MO.0.D,147,0.14,0.63,0.53,0.75
E2F6_HUMAN.H11MO.0.A,319,0.30,0.60,0.53,0.69
AHR_HUMAN.H11MO.0.B,240,0.22,0.61,0.53,0.71
PROX1_HUMAN.H11MO.0.D,305,0.28,0.60,0.53,0.69
ZN341_HUMAN.H11MO.0.C,444,0.41,0.60,0.53,0.67
KLF1_HUMAN.H11MO.0.A,389,0.36,0.60,0.53,0.68
PRDM4_HUMAN.H11MO.0.D,62,0.06,0.68,0.53,0.88
ZIC4_HUMAN.H11MO.0.D,224,0.21,0.61,0.52,0.70
E2F7_HUMAN.H11MO.0.B,352,0.33,0.60,0.52,0.68
HAND1_HUMAN.H11MO.1.D,166,0.15,0.62,0.52,0.73
ZN770_HUMAN.H11MO.0.C,465,0.43,0.59,0.52,0.66
NFKB2_HUMAN.H11MO.0.B,97,0.09,0.64,0.52,0.79
KLF4_HUMAN.H11MO.0.A,263,0.24,0.60,0.52,0.69
HES1_HUMAN.H11MO.0.D,245,0.23,0.60,0.52,0.69
NR1H4_HUMAN.H11MO.0.B,238,0.22,0.60,0.52,0.69
KLF16_HUMAN.H11MO.0.D,454,0.42,0.58,0.51,0.65
SP2_HUMAN.H11MO.1.B,376,0.35,0.58,0.51,0.66
ZFX_HUMAN.H11MO.1.A,449,0.42,0.58,0.51,0.65
WT1_HUMAN.H11MO.0.C,507,0.47,0.58,0.51,0.65
KLF15_HUMAN.H11MO.0.A,475,0.44,0.58,0.51,0.65
ELK4_HUMAN.H11MO.0.A,151,0.14,0.61,0.51,0.72
SP4_HUMAN.H11MO.1.A,393,0.36,0.57,0.51,0.65
TFDP1_HUMAN.H11MO.0.C,296,0.27,0.58,0.51,0.66
ETV1_HUMAN.H11MO.0.A,177,0.16,0.59,0.50,0.70
GLIS2_HUMAN.H11MO.0.D,154,0.14,0.60,0.50,0.71
MYF6_HUMAN.H11MO.0.C,123,0.11,0.61,0.50,0.73
PATZ1_HUMAN.H11MO.0.C,505,0.47,0.56,0.50,0.64
E2F4_HUMAN.H11MO.1.A,223,0.21,0.57,0.50,0.67
GLIS3_HUMAN.H11MO.0.D,161,0.15,0.58,0.49,0.69
GLIS1_HUMAN.H11MO.0.D,122,0.11,0.59,0.49,0.72
BHA15_HUMAN.H11MO.0.B,184,0.17,0.57,0.49,0.67
KLF9_HUMAN.H11MO.0.C,351,0.33,0.56,0.49,0.63
ZN436_HUMAN.H11MO.0.C,163,0.15,0.58,0.49,0.68
SP4_HUMAN.H11MO.0.A,446,0.41,0.55,0.49,0.62
INSM1_HUMAN.H11MO.0.C,121,0.11,0.59,0.49,0.71
TBX15_HUMAN.H11MO.0.D,442,0.41,0.55,0.49,0.62
PURA_HUMAN.H11MO.0.D,353,0.33,0.55,0.48,0.62
PAX5_HUMAN.H11MO.0.A,248,0.23,0.56,0.48,0.64
E2F4_HUMAN.H11MO.0.A,371,0.34,0.55,0.48,0.62
KLF6_HUMAN.H11MO.0.A,463,0.43,0.54,0.48,0.61
HEN1_HUMAN.H11MO.0.C,251,0.23,0.55,0.48,0.63
KAISO_HUMAN.H11MO.1.A,130,0.12,0.57,0.48,0.69
KLF14_HUMAN.H11MO.0.D,254,0.24,0.55,0.48,0.63
EGR4_HUMAN.H11MO.0.D,362,0.34,0.54,0.48,0.61
ARNT2_HUMAN.H11MO.0.D,311,0.29,0.54,0.47,0.62
ZFX_HUMAN.H11MO.0.A,223,0.21,0.55,0.47,0.63
ZN219_HUMAN.H11MO.0.D,238,0.22,0.54,0.47,0.63
GCM2_HUMAN.H11MO.0.D,121,0.11,0.56,0.46,0.67
NRF1_HUMAN.H11MO.0.A,241,0.22,0.53,0.46,0.61
HEY2_HUMAN.H11MO.0.D,286,0.26,0.53,0.46,0.60
KLF3_HUMAN.H11MO.0.B,439,0.41,0.51,0.46,0.58
RFX1_HUMAN.H11MO.0.B,249,0.23,0.52,0.45,0.60
PLAG1_HUMAN.H11MO.0.D,230,0.21,0.52,0.45,0.60
ZF64A_HUMAN.H11MO.0.D,356,0.33,0.51,0.44,0.57
CTCF_HUMAN.H11MO.0.A,236,0.22,0.51,0.44,0.59
ZBT7A_HUMAN.H11MO.0.A,149,0.14,0.52,0.44,0.62
SP1_HUMAN.H11MO.0.A,524,0.49,0.49,0.44,0.56
SP3_HUMAN.H11MO.0.B,487,0.45,0.49,0.44,0.55
E2F1_HUMAN.H11MO.0.A,296,0.27,0.49,0.43,0.56
SP2_HUMAN.H11MO.0.A,573,0.53,0.48,0.43,0.54
SP1_HUMAN.H11MO.1.A,415,0.38,0.48,0.42,0.54
KAISO_HUMAN.H11MO.0.A,168,0.16,0.49,0.42,0.58
THAP1_HUMAN.H11MO.0.C,406,0.38,0.47,0.42,0.53
CTCFL_HUMAN.H11MO.0.A,271,0.25,0.47,0.41,0.54
AP2B_HUMAN.H11MO.0.B,267,0.25,0.47,0.41,0.54
PLAL1_HUMAN.H11MO.0.D,152,0.14,0.46,0.38,0.54
E2F2_HUMAN.H11MO.0.B,118,0.11,0.46,0.38,0.55
MBD2_HUMAN.H11MO.0.B,280,0.26,0.43,0.38,0.49
MECP2_HUMAN.H11MO.0.C,228,0.21,0.43,0.37,0.50
KLF13_HUMAN.H11MO.0.D,189,0.18,0.43,0.37,0.51
AP2D_HUMAN.H11MO.0.D,345,0.32,0.41,0.36,0.46
ZBT14_HUMAN.H11MO.0.C,211,0.20,0.36,0.31,0.42
ETV7_HUMAN.H11MO.0.D,0,0.00,0.00,0.00,0.00
HMGA1_HUMAN.H11MO.0.D,0,0.00,0.00,0.00,0.00
MSX2_HUMAN.H11MO.0.D,0,0.00,0.00,0.00,0.00
NF2L1_HUMAN.H11MO.0.C,0,0.00,0.00,0.00,0.00
NFIA_HUMAN.H11MO.1.D,0,0.00,0.00,0.00,0.00
NKX61_HUMAN.H11MO.1.B,0,0.00,0.00,0.00,0.00
PRRX2_HUMAN.H11MO.0.C,0,0.00,0.00,0.00,0.00
SOX15_HUMAN.H11MO.0.D,0,0.00,0.00,0.00,0.00
UBIP1_HUMAN.H11MO.0.D,0,0.00,0.00,0.00,0.00